IMG_20170117_114731.jpg,https://images.imgbox.com/88/c4/jWPyEukG_o.jpg
IMG_20170117_114735.jpg,https://images.imgbox.com/50/ef/zyfch1Kf_o.jpg
IMG_20170117_114738.jpg,https://images.imgbox.com/0d/31/jwzEY6Vs_o.jpg
IMG_20170117_114741.jpg,https://images.imgbox.com/71/18/XQRdDyoZ_o.jpg
IMG_20170117_114838.jpg,https://images.imgbox.com/cc/bb/yL7PSBfZ_o.jpg
IMG_20170117_114917.jpg,https://images.imgbox.com/18/3c/AdVGNj5I_o.jpg
IMG_20170117_114920.jpg,https://images.imgbox.com/ae/a9/HCKnTGQD_o.jpg
IMG_20170117_115237.jpg,https://images.imgbox.com/be/32/U0kH68M5_o.jpg
IMG_20170117_115257.jpg,https://images.imgbox.com/04/25/O5Fo7IkY_o.jpg
IMG_20170117_115311.jpg,https://images.imgbox.com/f7/22/mwEbeBKX_o.jpg
IMG_20170117_115404.jpg,https://images.imgbox.com/f1/ec/iL5NQhxY_o.jpg
IMG_20170117_115406.jpg,https://images.imgbox.com/7b/bc/nYRAtYKS_o.jpg
IMG_20170117_115512.jpg,https://images.imgbox.com/96/54/1JPUoMbI_o.jpg
IMG_20170117_115513.jpg,https://images.imgbox.com/e2/4a/RJr9pAXX_o.jpg
IMG_20170117_115545.jpg,https://images.imgbox.com/44/ff/bJxPLIU8_o.jpg
IMG_20170117_115553.jpg,https://images.imgbox.com/3e/de/4eC13Vo1_o.jpg
IMG_20170117_115555.jpg,https://images.imgbox.com/33/1a/HiFykfOa_o.jpg
IMG_20170117_115649.jpg,https://images.imgbox.com/79/58/Bl5p1oQK_o.jpg
IMG_20170117_115756.jpg,https://images.imgbox.com/40/0a/dXR6aEDR_o.jpg
IMG_20170117_120030.jpg,https://images.imgbox.com/6d/9c/1y5M3ThX_o.jpg
IMG_20170117_120214.jpg,https://images.imgbox.com/92/86/Pac92GsP_o.jpg
IMG_20170117_120339.jpg,https://images.imgbox.com/f3/cf/zVYaarMy_o.jpg
IMG_20170117_121200.jpg,https://images.imgbox.com/07/78/oQkEGkez_o.jpg
IMG_20170117_121202.jpg,https://images.imgbox.com/7c/1f/jvf0vI0b_o.jpg
IMG_20170120_110037.jpg,https://images.imgbox.com/2f/ad/OMi5jpBB_o.jpg
IMG_20170120_110052.jpg,https://images.imgbox.com/c6/7a/gKY2Ede7_o.jpg
IMG_20170120_110112.jpg,https://images.imgbox.com/ca/e7/ib4vRLCt_o.jpg
IMG_20170120_110304.jpg,https://images.imgbox.com/a4/d8/LCqWAIfJ_o.jpg
IMG_20170120_110314.jpg,https://images.imgbox.com/03/ee/OBNmWVrG_o.jpg
IMG_20170120_110338.jpg,https://images.imgbox.com/45/1a/6xWhq7xX_o.jpg
IMG_20170120_110340.jpg,https://images.imgbox.com/1b/7b/bcFFG07G_o.jpg
IMG_20170120_120324.jpg,https://images.imgbox.com/45/41/lEN18Jcj_o.jpg
IMG_20170120_120328.jpg,https://images.imgbox.com/38/c2/I2cvwB9G_o.jpg
IMG_20170120_123305.jpg,https://images.imgbox.com/c9/00/uzfMv01f_o.jpg
IMG_20170120_135933.jpg,https://images.imgbox.com/cf/8d/AHRXTXpu_o.jpg
IMG_20170120_140040.jpg,https://images.imgbox.com/df/f5/P7nn6Mf6_o.jpg
IMG_20170120_153248.jpg,https://images.imgbox.com/65/8e/XfdUrgPN_o.jpg
IMG_20170213_125527.jpg,https://images.imgbox.com/88/51/GAS959Jd_o.jpg
IMG_20170213_125538.jpg,https://images.imgbox.com/7c/02/xHp2r94o_o.jpg
IMG_20170213_125612.jpg,https://images.imgbox.com/53/be/buyTLpIw_o.jpg
IMG_20170213_125632.jpg,https://images.imgbox.com/fe/93/EIvoiASq_o.jpg
IMG_20170213_125658.jpg,https://images.imgbox.com/8a/64/VMXIASjs_o.jpg
IMG_20170213_125944.jpg,https://images.imgbox.com/3a/3d/3DB9ppNc_o.jpg
IMG_20170213_125957.jpg,https://images.imgbox.com/73/ab/7OexR22n_o.jpg
IMG_20170213_130014.jpg,https://images.imgbox.com/4b/35/vzhMsIco_o.jpg
IMG_20170213_130300.jpg,https://images.imgbox.com/d9/b1/yr0HDBRG_o.jpg
IMG_20170214_110705.jpg,https://images.imgbox.com/f2/c4/xc2NFAwh_o.jpg
IMG_20170214_110844.jpg,https://images.imgbox.com/b4/b0/nd8E4APB_o.jpg
IMG_20170214_110922.jpg,https://images.imgbox.com/9a/ec/rLw0lTS4_o.jpg
IMG_20170214_113835.jpg,https://images.imgbox.com/2f/3f/KhhOJwaD_o.jpg
IMG_20170214_114818.jpg,https://images.imgbox.com/b2/9a/QpzbSsf0_o.jpg
IMG_20170216_094753.jpg,https://images.imgbox.com/18/b8/yE94UHaX_o.jpg
IMG_20170216_094805.jpg,https://images.imgbox.com/e5/0a/gUM2zPmU_o.jpg
IMG_20170216_094850.jpg,https://images.imgbox.com/d5/3e/Hiz8Hkm4_o.jpg
IMG_20170216_095733.jpg,https://images.imgbox.com/e8/eb/W7I0WqlJ_o.jpg
IMG_20170216_095746.jpg,https://images.imgbox.com/9c/1e/kO2K5cho_o.jpg
IMG_20170216_095759.jpg,https://images.imgbox.com/af/25/QFO4UsEQ_o.jpg
IMG_20170216_131648.jpg,https://images.imgbox.com/45/3c/jRqt7xVB_o.jpg
IMG_20170216_131659.jpg,https://images.imgbox.com/f0/c1/X7q0TWUT_o.jpg
IMG_20170216_131714.jpg,https://images.imgbox.com/7e/99/th4cJryG_o.jpg
IMG_20170216_131745.jpg,https://images.imgbox.com/ac/0a/9MnjAgk5_o.jpg
IMG_20170216_131802.jpg,https://images.imgbox.com/e8/5a/oUlp3Pes_o.jpg
IMG_20170216_131813.jpg,https://images.imgbox.com/bc/1c/mjJBWuKP_o.jpg
IMG_20170216_131912.jpg,https://images.imgbox.com/0b/73/zTueEsNp_o.jpg
IMG_20170216_131935.jpg,https://images.imgbox.com/2d/2b/KgdiTccY_o.jpg
IMG_20170216_131949.jpg,https://images.imgbox.com/9f/c9/zuPtLZZg_o.jpg
IMG_20170216_131952.jpg,https://images.imgbox.com/63/5d/iuc9wsAf_o.jpg
IMG_20170216_132243.jpg,https://images.imgbox.com/c7/5c/ad9VbYQA_o.jpg
IMG_20170216_132713.jpg,https://images.imgbox.com/d7/8d/MPMeRve9_o.jpg
IMG_20170216_132735.jpg,https://images.imgbox.com/21/d8/lpt1OHTD_o.jpg
IMG_20170216_132757.jpg,https://images.imgbox.com/52/59/dVLnqfGS_o.jpg
IMG_20170216_132813.jpg,https://images.imgbox.com/de/bd/tWJID1S5_o.jpg
IMG_20170216_132816.jpg,https://images.imgbox.com/6d/a1/SLPGnoVF_o.jpg
IMG_20170216_132831.jpg,https://images.imgbox.com/99/a2/NyX3zrwT_o.jpg
IMG_20170216_132834.jpg,https://images.imgbox.com/a1/6d/zip2ZYpc_o.jpg
IMG_20170216_132836.jpg,https://images.imgbox.com/ad/ed/DNVugzwk_o.jpg
IMG_20170216_132850.jpg,https://images.imgbox.com/62/6e/Lm4Gr7Xn_o.jpg
IMG_20170216_133104.jpg,https://images.imgbox.com/20/4d/5tgThr1J_o.jpg
IMG_20170216_133109.jpg,https://images.imgbox.com/24/8c/HdCTAfab_o.jpg
IMG_20170216_134151.jpg,https://images.imgbox.com/7f/54/DgCj7SkS_o.jpg
IMG_20170216_134206.jpg,https://images.imgbox.com/d5/6f/se85zcqI_o.jpg
IMG_20170216_134214.jpg,https://images.imgbox.com/b1/b1/NHOgwXrz_o.jpg
IMG_20170216_134231.jpg,https://images.imgbox.com/2f/95/BTwx78nX_o.jpg
IMG_20170216_134314.jpg,https://images.imgbox.com/5f/f0/WCdnbMbZ_o.jpg
IMG_20170216_134336.jpg,https://images.imgbox.com/dd/4f/zXVawjh2_o.jpg
IMG_20170216_134423.jpg,https://images.imgbox.com/63/42/fEgKUUaa_o.jpg
IMG_20170216_134757.jpg,https://images.imgbox.com/f4/83/sa1itUaH_o.jpg
IMG_20170216_134900.jpg,https://images.imgbox.com/2f/40/BnbeIqRD_o.jpg
IMG_20170216_135031.jpg,https://images.imgbox.com/2a/2e/GYNrLg4b_o.jpg
IMG_20170216_142000.jpg,https://images.imgbox.com/5e/ad/40DkMrfl_o.jpg
IMG_20170216_142044.jpg,https://images.imgbox.com/49/dd/E8mZDqh2_o.jpg
IMG_20170216_142053.jpg,https://images.imgbox.com/c5/8b/HP4v9yTa_o.jpg
IMG_20170216_142104.jpg,https://images.imgbox.com/a4/2d/aaTpBuAU_o.jpg
IMG_20170216_142116.jpg,https://images.imgbox.com/a6/c6/cIlFQonA_o.jpg
IMG_20170216_142145.jpg,https://images.imgbox.com/66/ab/qGhKdfFv_o.jpg
IMG_20170221_111529.jpg,https://images.imgbox.com/89/82/ebWhCwpL_o.jpg
IMG_20170221_111535.jpg,https://images.imgbox.com/07/8a/BJzb60OX_o.jpg
IMG_20170221_111553.jpg,https://images.imgbox.com/43/97/jQHOwtdc_o.jpg
IMG_20170221_111807.jpg,https://images.imgbox.com/26/24/IlexMV5K_o.jpg
IMG_20170221_111845.jpg,https://images.imgbox.com/80/9f/iJNpA0Kb_o.jpg
IMG_20170221_111953.jpg,https://images.imgbox.com/cd/3b/oU7cWbVt_o.jpg
IMG_20170221_114143.jpg,https://images.imgbox.com/a4/b6/q0Z2pKoG_o.jpg
IMG_20170221_114233.jpg,https://images.imgbox.com/22/ea/VkdUWvXt_o.jpg
IMG_20170221_114326.jpg,https://images.imgbox.com/a8/89/o992SuXI_o.jpg
IMG_20170221_114936.jpg,https://images.imgbox.com/50/5e/Q2HIoELf_o.jpg
IMG_20170221_115448.jpg,https://images.imgbox.com/bb/15/y5YPgREE_o.jpg
IMG_20170221_115458.jpg,https://images.imgbox.com/d2/c0/gOBkXktT_o.jpg
IMG_20170221_115534.jpg,https://images.imgbox.com/1c/d4/d1vzJsJf_o.jpg
IMG_20170221_121948.jpg,https://images.imgbox.com/6d/c7/KYFVAxyK_o.jpg
IMG_20170223_085517.jpg,https://images.imgbox.com/28/cd/pjEjjSCW_o.jpg
IMG_20170223_092721.jpg,https://images.imgbox.com/b8/b6/YYHgNEAk_o.jpg
IMG_20170223_100330.jpg,https://images.imgbox.com/ba/33/nesG7ab5_o.jpg
IMG_20170223_100339.jpg,https://images.imgbox.com/9b/99/LuqdXsEA_o.jpg
IMG_20170303_115944.jpg,https://images.imgbox.com/19/19/KDB3Vdga_o.jpg
IMG_20170303_115956.jpg,https://images.imgbox.com/a6/98/mGdSn9vq_o.jpg
IMG_20170303_120113.jpg,https://images.imgbox.com/56/f5/CEEARYHu_o.jpg
IMG_20170303_120205.jpg,https://images.imgbox.com/bb/f3/mc5aWkie_o.jpg
IMG_20170303_120248.jpg,https://images.imgbox.com/e3/5e/m9SZQzZS_o.jpg
IMG_20170303_121137.jpg,https://images.imgbox.com/76/8d/qEGHUmr2_o.jpg
IMG_20170303_122049.jpg,https://images.imgbox.com/69/fa/UE4YdejR_o.jpg
IMG_20170303_122239.jpg,https://images.imgbox.com/81/64/c57hqsDG_o.jpg
IMG_20170306_142303.jpg,https://images.imgbox.com/14/53/CcEmZH5o_o.jpg
IMG_20170306_143809.jpg,https://images.imgbox.com/15/c5/1vIaKcO8_o.jpg
IMG_20170307_103656.jpg,https://images.imgbox.com/1b/c5/W3qH9spa_o.jpg
IMG_20170307_115738.jpg,https://images.imgbox.com/04/e5/X8QtMxum_o.jpg
IMG_20170426_102405.jpg,https://images.imgbox.com/f7/ea/yckzDPLL_o.jpg
IMG_20170426_102416.jpg,https://images.imgbox.com/87/38/9NoOtGC6_o.jpg
IMG_20170426_103237.jpg,https://images.imgbox.com/e2/b0/l4I6dxyH_o.jpg
IMG_20170426_103239.jpg,https://images.imgbox.com/47/53/yUpST3i5_o.jpg
IMG_20170426_105033-PANO.jpg,https://images.imgbox.com/2c/f0/dgF90FdN_o.jpg
IMG_20170426_105954.jpg,https://images.imgbox.com/dc/5b/5MAXM6xZ_o.jpg
IMG_20170426_105958.jpg,https://images.imgbox.com/b7/cf/9DTel0G9_o.jpg
IMG_20170426_110000.jpg,https://images.imgbox.com/0d/62/SE8ZXI74_o.jpg
IMG_20170426_114813.jpg,https://images.imgbox.com/0b/e9/N0RM7Y3B_o.jpg
IMG_20170426_121414.jpg,https://images.imgbox.com/5d/86/BxJKwkc2_o.jpg
IMG_20170426_124717.jpg,https://images.imgbox.com/99/10/HrX8Hyqh_o.jpg
IMG_20170426_124721.jpg,https://images.imgbox.com/84/0f/7KAo5M1U_o.jpg
IMG_20170426_124724.jpg,https://images.imgbox.com/04/0a/q5XCu1Fo_o.jpg
IMG_20170426_124944.jpg,https://images.imgbox.com/32/dd/xUHL9jyx_o.jpg
IMG_20170426_141756.jpg,https://images.imgbox.com/f6/ce/TYW8HVQf_o.jpg
IMG_20170426_141759.jpg,https://images.imgbox.com/99/b3/zQB5YdVB_o.jpg
IMG_20170426_144406.jpg,https://images.imgbox.com/03/80/hK1LyMFe_o.jpg
IMG_20170426_144422.jpg,https://images.imgbox.com/89/cb/x2t0PQZ1_o.jpg
IMG_20170426_144715.jpg,https://images.imgbox.com/1e/08/D2FhTeXV_o.jpg
IMG_20170426_144904.jpg,https://images.imgbox.com/20/2c/knU8VpwI_o.jpg
IMG_20170426_145256.jpg,https://images.imgbox.com/44/56/EjH2WrDx_o.jpg
IMG_20170426_145301.jpg,https://images.imgbox.com/b0/5e/SxqaL3w6_o.jpg
IMG_20170428_103524.jpg,https://images.imgbox.com/28/7c/9DPnbK8I_o.jpg
IMG_20170428_103536.jpg,https://images.imgbox.com/9a/1d/ZCYsDlPY_o.jpg
IMG_20170428_120507.jpg,https://images.imgbox.com/3e/f1/QN0otQKd_o.jpg
IMG_20170501_105450.jpg,https://images.imgbox.com/e7/53/F0g2mvsF_o.jpg
IMG_20170501_105509.jpg,https://images.imgbox.com/17/1d/JaiKas0o_o.jpg
IMG_20170501_105556.jpg,https://images.imgbox.com/4a/f6/LGroExkP_o.jpg
IMG_20170501_105640.jpg,https://images.imgbox.com/0d/ac/Yi0zs2xo_o.jpg
IMG_20170501_105841.jpg,https://images.imgbox.com/f1/61/8pYZaqzW_o.jpg
IMG_20170501_110355.jpg,https://images.imgbox.com/92/0c/7vd779kr_o.jpg
IMG_20170501_110501.jpg,https://images.imgbox.com/fb/46/R8H6vRQ6_o.jpg
IMG_20170501_110704.jpg,https://images.imgbox.com/53/e1/i93kVEuN_o.jpg
IMG_20170501_110802.jpg,https://images.imgbox.com/af/b2/Gv6q96xB_o.jpg
IMG_20170501_110948.jpg,https://images.imgbox.com/f6/20/mRYPHO4M_o.jpg
IMG_20170501_113013.jpg,https://images.imgbox.com/76/18/HrzMiVle_o.jpg
IMG_20170501_113907.jpg,https://images.imgbox.com/0c/19/bia0oFwc_o.jpg
IMG_20170501_114835.jpg,https://images.imgbox.com/4e/e6/zvXPApZD_o.jpg
IMG_20170501_120142.jpg,https://images.imgbox.com/c5/ed/ssHay4mH_o.jpg
IMG_20170501_120206.jpg,https://images.imgbox.com/72/11/2UJIqDE8_o.jpg
IMG_20170501_120324.jpg,https://images.imgbox.com/5e/a4/blmg2Kx8_o.jpg
IMG_20170501_122641.jpg,https://images.imgbox.com/c3/3d/sdBUTU10_o.jpg
IMG_20170501_122819.jpg,https://images.imgbox.com/3e/ee/g35Js1d7_o.jpg
IMG_20170501_123557.jpg,https://images.imgbox.com/2b/80/BfcUyGW2_o.jpg
IMG_20170501_130357.jpg,https://images.imgbox.com/1d/ec/O2CB85a6_o.jpg
IMG_20170501_132441.jpg,https://images.imgbox.com/8b/3f/3e8DbGa3_o.jpg
IMG_20170503_110345.jpg,https://images.imgbox.com/9c/03/erfbTS3L_o.jpg
IMG_20170503_110406.jpg,https://images.imgbox.com/28/09/ikBUw7bq_o.jpg
IMG_20170503_110949.jpg,https://images.imgbox.com/20/19/E3VYYlsy_o.jpg
IMG_20170503_111018.jpg,https://images.imgbox.com/ec/ed/ExvFVpYz_o.jpg
IMG_20170503_112416.jpg,https://images.imgbox.com/30/7c/uuMtzp3K_o.jpg
IMG_20170503_112447.jpg,https://images.imgbox.com/ea/8f/lyOIsQr6_o.jpg
IMG_20170503_112625.jpg,https://images.imgbox.com/49/37/M4X6Tzwc_o.jpg
IMG_20170503_112815.jpg,https://images.imgbox.com/30/17/BG4SEHph_o.jpg
IMG_20170503_113508.jpg,https://images.imgbox.com/9c/1c/vy3CfLIl_o.jpg
IMG_20170503_115221.jpg,https://images.imgbox.com/a0/ea/IbEtfp5i_o.jpg
IMG_20170503_121746.jpg,https://images.imgbox.com/b9/c2/4FxgiGSq_o.jpg
IMG_20170503_121901.jpg,https://images.imgbox.com/b1/75/Gyu4pN7M_o.jpg
IMG_20170503_121920.jpg,https://images.imgbox.com/0a/43/5WtQtg5C_o.jpg
IMG_20170503_122009.jpg,https://images.imgbox.com/01/6e/jBfsh9Rj_o.jpg
IMG_20170503_122055.jpg,https://images.imgbox.com/cd/6c/9QcETbf6_o.jpg
IMG_20170503_122126.jpg,https://images.imgbox.com/b1/9a/PkNK0QvN_o.jpg
IMG_20170503_122150.jpg,https://images.imgbox.com/ce/c7/F4v65hha_o.jpg
IMG_20170511_115453.jpg,https://images.imgbox.com/60/66/1BxiwUab_o.jpg
IMG_20170511_115502.jpg,https://images.imgbox.com/c4/0a/IXQzrdsq_o.jpg
IMG_20170511_132339.jpg,https://images.imgbox.com/02/5d/uc6Xb5kk_o.jpg
IMG_20170515_122608.jpg,https://images.imgbox.com/53/14/46ZJndiG_o.jpg
IMG_20170515_122622.jpg,https://images.imgbox.com/c1/b4/4Oy4Wv91_o.jpg
IMG_20170515_122654.jpg,https://images.imgbox.com/fe/9c/h91533Ly_o.jpg
IMG_20170515_122725.jpg,https://images.imgbox.com/89/d5/5fPVYdC9_o.jpg
IMG_20170515_122800.jpg,https://images.imgbox.com/b3/37/LmtQwXn4_o.jpg
IMG_20170530_105354.jpg,https://images.imgbox.com/6e/28/7F7KTBM2_o.jpg
IMG_20170530_105527.jpg,https://images.imgbox.com/d9/7a/vhOqvw2O_o.jpg
IMG_20170530_105648.jpg,https://images.imgbox.com/f1/71/XHC3OhOL_o.jpg
IMG_20170530_110956.jpg,https://images.imgbox.com/2b/17/2AhdFnjf_o.jpg
IMG_20170530_111318.jpg,https://images.imgbox.com/43/2f/UqPV6np0_o.jpg
IMG_20170530_111529.jpg,https://images.imgbox.com/8d/e3/KG60qQs3_o.jpg
IMG_20170530_111744.jpg,https://images.imgbox.com/60/fb/umFrYKd5_o.jpg
IMG_20170530_112455.jpg,https://images.imgbox.com/d3/65/zJewOXG7_o.jpg
IMG_20170530_112656.jpg,https://images.imgbox.com/f3/9a/V68tP3Q5_o.jpg
IMG_20170530_112848.jpg,https://images.imgbox.com/b5/47/lHVBIHZ2_o.jpg
IMG_20170530_113210.jpg,https://images.imgbox.com/c2/25/cIdFnPrS_o.jpg
IMG_20170530_113429.jpg,https://images.imgbox.com/6f/4a/rvU7OaVY_o.jpg
IMG_20170530_114046.jpg,https://images.imgbox.com/a3/c2/YLpqUHvB_o.jpg
IMG_20170530_120835.jpg,https://images.imgbox.com/0b/90/bsjLrafC_o.jpg
IMG_20170530_120923.jpg,https://images.imgbox.com/b2/72/0tbvqmkA_o.jpg
IMG_20170530_121211.jpg,https://images.imgbox.com/50/4e/yaXhgbvl_o.jpg
IMG_20170530_121528.jpg,https://images.imgbox.com/4d/ea/uKKUSr5F_o.jpg
IMG_20170530_121654.jpg,https://images.imgbox.com/b5/d9/SVQI48od_o.jpg
IMG_20170530_121817.jpg,https://images.imgbox.com/d4/a3/ltmgAUko_o.jpg
IMG_20170530_121945.jpg,https://images.imgbox.com/ab/cf/zl8KTMJW_o.jpg
IMG_20170530_124204.jpg,https://images.imgbox.com/40/52/53CH9y00_o.jpg
IMG_20170530_124306.jpg,https://images.imgbox.com/d3/b7/Y4ecNKFN_o.jpg
IMG_20170530_124342.jpg,https://images.imgbox.com/4f/f2/BLrjM1Op_o.jpg
IMG_20170530_124425.jpg,https://images.imgbox.com/fb/10/O4vyJmzN_o.jpg
IMG_20170530_124636.jpg,https://images.imgbox.com/80/07/4ZuR39sI_o.jpg
IMG_20170530_124718.jpg,https://images.imgbox.com/eb/40/PvNgiS8y_o.jpg
IMG_20170601_111832.jpg,https://images.imgbox.com/d6/3c/bXBPpSF6_o.jpg
IMG_20170601_111844.jpg,https://images.imgbox.com/e8/fa/xgJau6bb_o.jpg
IMG_20170601_111955.jpg,https://images.imgbox.com/e7/d9/9VHpvtLH_o.jpg
IMG_20170601_112701-mod.jpg,https://images.imgbox.com/c2/5b/zmhKwvGO_o.jpg
IMG_20170606_084828.jpg,https://images.imgbox.com/5f/e8/TMALOJuE_o.jpg
IMG_20170606_091643.jpg,https://images.imgbox.com/f7/dd/caB9bVzh_o.jpg
IMG_20170606_091654.jpg,https://images.imgbox.com/ae/4d/g6NvBtJT_o.jpg
IMG_20170606_101614.jpg,https://images.imgbox.com/18/ee/mJQkMwMq_o.jpg
IMG_20170606_113816.jpg,https://images.imgbox.com/09/9f/YmdPYlIG_o.jpg
IMG_20170606_114110.jpg,https://images.imgbox.com/b6/0b/pVXA9NUm_o.jpg
IMG_20170606_114410.jpg,https://images.imgbox.com/6a/0f/cy7FxJzV_o.jpg
IMG_20170606_114413.jpg,https://images.imgbox.com/34/88/MQzWQm6P_o.jpg
IMG_20170606_114442.jpg,https://images.imgbox.com/55/cd/p0Xk9pjC_o.jpg
IMG_20170606_114955.jpg,https://images.imgbox.com/02/c8/zCby5Ry2_o.jpg
IMG_20170606_115804.jpg,https://images.imgbox.com/f7/76/pfGBIg6R_o.jpg
IMG_20170606_115853.jpg,https://images.imgbox.com/fe/92/eOXDnXX4_o.jpg
IMG_20170606_120131.jpg,https://images.imgbox.com/cc/7f/hGmWliFc_o.jpg
IMG_20170606_132511.jpg,https://images.imgbox.com/87/c5/Af4Tyy3y_o.jpg
IMG_20170606_132521.jpg,https://images.imgbox.com/75/1c/XfJz3592_o.jpg
IMG_20170606_133023.jpg,https://images.imgbox.com/14/29/TDBtrSQr_o.jpg
IMG_20170606_133249.jpg,https://images.imgbox.com/ed/70/5hfR3OpB_o.jpg
IMG_20170606_133331.jpg,https://images.imgbox.com/e5/4c/YGjVFOFm_o.jpg
IMG_20170606_133419.jpg,https://images.imgbox.com/7f/ee/Gt4RQO0y_o.jpg
IMG_20170606_133445.jpg,https://images.imgbox.com/90/81/yWHcexwp_o.jpg
IMG_20170606_133716.jpg,https://images.imgbox.com/d1/41/XjjnfSU8_o.jpg
IMG_20170606_141130.jpg,https://images.imgbox.com/1b/28/QHsbLcoZ_o.jpg
IMG_20170606_141215.jpg,https://images.imgbox.com/98/d7/wELDXgAL_o.jpg
IMG_20170606_141219.jpg,https://images.imgbox.com/d0/5f/EpF3xnie_o.jpg
IMG_20170606_141421.jpg,https://images.imgbox.com/fc/3b/Yk9gd8on_o.jpg
IMG_20170606_141647.jpg,https://images.imgbox.com/68/43/93QlhzL3_o.jpg
IMG_20170606_141936.jpg,https://images.imgbox.com/4e/9a/g7yOko1z_o.jpg
IMG_20170606_142116.jpg,https://images.imgbox.com/d0/e7/vFZrfkwp_o.jpg
IMG_20170606_142155.jpg,https://images.imgbox.com/1b/f2/Ax2FHiOz_o.jpg
IMG_20170606_142224.jpg,https://images.imgbox.com/b8/68/4UBWJ70X_o.jpg
IMG_20170606_142334.jpg,https://images.imgbox.com/87/05/UKatyBL3_o.jpg
IMG_20170606_142516.jpg,https://images.imgbox.com/f1/68/otaXOZ3R_o.jpg
IMG_20170612_104900.jpg,https://images.imgbox.com/05/5f/ojPHceKf_o.jpg
IMG_20170612_105328.jpg,https://images.imgbox.com/64/3a/5aWo7AEC_o.jpg
IMG_20170612_105605.jpg,https://images.imgbox.com/bc/e6/P4LYNetJ_o.jpg
IMG_20170612_105901.jpg,https://images.imgbox.com/d2/65/E0xn3fqa_o.jpg
IMG_20170612_121537.jpg,https://images.imgbox.com/78/64/lmVMh11z_o.jpg
IMG_20170612_122113.jpg,https://images.imgbox.com/4b/bb/rznhAT0W_o.jpg
IMG_20170621_105550.jpg,https://images.imgbox.com/be/2d/R4gIe3fZ_o.jpg
IMG_20170621_105827.jpg,https://images.imgbox.com/18/d3/ldyVOy6V_o.jpg
IMG_20170621_125948.jpg,https://images.imgbox.com/39/eb/1cAK0lMP_o.jpg
IMG_20170621_130346.jpg,https://images.imgbox.com/0b/8d/FPCGF1VN_o.jpg
IMG_20170621_133220.jpg,https://images.imgbox.com/1e/a0/KaTqIvhF_o.jpg
IMG_20170621_133811.jpg,https://images.imgbox.com/3e/9d/csZ8Xx0h_o.jpg
IMG_20170621_133852.jpg,https://images.imgbox.com/03/9b/oSzzwFGe_o.jpg
IMG_20170621_134024.jpg,https://images.imgbox.com/5e/0c/d6XGoLhO_o.jpg
IMG_20170629_135257.jpg,https://images.imgbox.com/04/66/C5SuK8cZ_o.jpg
IMG_20170629_135309.jpg,https://images.imgbox.com/aa/51/ZQckeUPG_o.jpg
IMG_20170629_135342.jpg,https://images.imgbox.com/0e/24/YmxhFzNj_o.jpg
IMG_20170629_135407.jpg,https://images.imgbox.com/37/2b/6VEtvSc9_o.jpg
IMG_20170629_135423.jpg,https://images.imgbox.com/57/1e/BHUlkrAZ_o.jpg
IMG_20170629_135529.jpg,https://images.imgbox.com/bf/ac/lVWuVoyN_o.jpg
IMG_20170629_135612.jpg,https://images.imgbox.com/29/68/KrTTJq2h_o.jpg
IMG_20170717_113931.jpg,https://images.imgbox.com/d7/2a/Mkb7Ag8H_o.jpg
IMG_20170717_150534.jpg,https://images.imgbox.com/da/40/YxdyKIdc_o.jpg
IMG_20170718_104258.jpg,https://images.imgbox.com/8b/b2/yqBzP4dG_o.jpg
IMG_20170726_091710.jpg,https://images.imgbox.com/ad/bd/sdhFLlb3_o.jpg
IMG_20170726_092422.jpg,https://images.imgbox.com/83/b4/3izc9IFm_o.jpg
IMG_20170727_133200.jpg,https://images.imgbox.com/86/8f/kPNWFhl0_o.jpg
IMG_20170810_110120.jpg,https://images.imgbox.com/46/b4/H5cRuWog_o.jpg
IMG_20170810_110254.jpg,https://images.imgbox.com/25/1f/CxtlejBD_o.jpg
IMG_20170810_110636.jpg,https://images.imgbox.com/cd/2d/3jOk4KMQ_o.jpg
IMG_20170810_110658.jpg,https://images.imgbox.com/09/8b/Fm01yuV7_o.jpg
IMG_20170810_111005.jpg,https://images.imgbox.com/27/65/0lPgRtPW_o.jpg
IMG_20170810_111128.jpg,https://images.imgbox.com/86/a2/pPteV7UE_o.jpg
IMG_20170810_115650.jpg,https://images.imgbox.com/de/9a/y4uvOVi6_o.jpg
IMG_20170810_115659.jpg,https://images.imgbox.com/fd/e1/6R9Jk3L9_o.jpg
IMG_20170810_115746.jpg,https://images.imgbox.com/57/be/puaTEuao_o.jpg
IMG_20170810_115904.jpg,https://images.imgbox.com/5a/2a/nU5hVABG_o.jpg
IMG_20170810_120546.jpg,https://images.imgbox.com/c8/f0/2F85TWfx_o.jpg
IMG_20170815_111826.jpg,https://images.imgbox.com/ee/89/HbVOdjGX_o.jpg
IMG_20170815_111900.jpg,https://images.imgbox.com/94/4f/udYog8QA_o.jpg
IMG_20170815_112311.jpg,https://images.imgbox.com/b6/b5/vjPSMcCo_o.jpg
IMG_20170815_112810.jpg,https://images.imgbox.com/f7/15/BUJKBDmU_o.jpg
IMG_20170815_114707.jpg,https://images.imgbox.com/22/03/Q5ReLvcO_o.jpg
IMG_20170815_115339.jpg,https://images.imgbox.com/45/ff/MD19TZFE_o.jpg
IMG_20170815_115727.jpg,https://images.imgbox.com/9f/3d/NKRyjVru_o.jpg
IMG_20170815_120225.jpg,https://images.imgbox.com/14/36/nxFYz0hk_o.jpg
IMG_20170815_120738.jpg,https://images.imgbox.com/50/5c/MFb9iUjf_o.jpg
IMG_20170815_140249.jpg,https://images.imgbox.com/60/69/ExdLXQsE_o.jpg
IMG_20170815_142501.jpg,https://images.imgbox.com/50/52/ZGvvekmk_o.jpg
IMG_20170815_143023.jpg,https://images.imgbox.com/03/cc/e21Sjrcd_o.jpg
IMG_20170815_143807-PANO.jpg,https://images.imgbox.com/5f/e7/tCu7wvYZ_o.jpg
IMG_20170815_144734-PANO.jpg,https://images.imgbox.com/d1/2b/vSk2beJ0_o.jpg
IMG_20170815_152257.jpg,https://images.imgbox.com/62/c8/dSS5pvNK_o.jpg
IMG_20170829_112637.jpg,https://images.imgbox.com/cc/96/o7LdSlyW_o.jpg
IMG_20170829_112703.jpg,https://images.imgbox.com/4a/83/nEJfCrus_o.jpg
IMG_20170829_112729.jpg,https://images.imgbox.com/37/35/qt2gKhM2_o.jpg
IMG_20170829_112737.jpg,https://images.imgbox.com/56/89/kE92X53N_o.jpg
IMG_20170829_112913.jpg,https://images.imgbox.com/c0/1b/dQzApXbJ_o.jpg
IMG_20170829_112926.jpg,https://images.imgbox.com/89/1f/HziRpEZ9_o.jpg
IMG_20170829_113029.jpg,https://images.imgbox.com/09/77/x2GrHL0Y_o.jpg
IMG_20170829_113418.jpg,https://images.imgbox.com/b9/c5/r98EZvnT_o.jpg
IMG_20170829_113759.jpg,https://images.imgbox.com/11/61/oKTbc7ZI_o.jpg
IMG_20170829_113924.jpg,https://images.imgbox.com/1d/f9/Yxghc02r_o.jpg
IMG_20170829_114251.jpg,https://images.imgbox.com/4d/0e/CKMgwSSH_o.jpg
IMG_20170829_114537.jpg,https://images.imgbox.com/48/a6/Co1DeRZ0_o.jpg
IMG_20170829_114635.jpg,https://images.imgbox.com/43/18/SFi1yaPV_o.jpg
IMG_20170829_114640.jpg,https://images.imgbox.com/f0/9b/JhqiLbDH_o.jpg
IMG_20170829_115413.jpg,https://images.imgbox.com/c1/18/kSEDnW1X_o.jpg
IMG_20170829_115840.jpg,https://images.imgbox.com/84/ff/6o51AUZP_o.jpg
IMG_20170829_115952.jpg,https://images.imgbox.com/a8/e8/sOQlvUNF_o.jpg
IMG_20170829_121023-PANO.jpg,https://images.imgbox.com/c0/ea/2nxAJ0Av_o.jpg
IMG_20170829_121146.jpg,https://images.imgbox.com/72/73/OdmQqaPC_o.jpg
IMG_20170829_122003.jpg,https://images.imgbox.com/c3/4e/yBkHbr7C_o.jpg
IMG_20170829_123551.jpg,https://images.imgbox.com/6f/90/HhZmmNWr_o.jpg
P6290009 (West Bridge End).jpg,https://images.imgbox.com/90/46/Ylde7S1U_o.jpg
P6290010 (West Bridge End).jpg,https://images.imgbox.com/fb/1c/hHWviEpH_o.jpg
P6290013.jpg,https://images.imgbox.com/4f/12/d1ifdzQY_o.jpg
P6290016 (Cracking in Stream Bed).jpg,https://images.imgbox.com/70/cc/Ox2EpUB6_o.jpg
P6290018 (View of East Stream Edge).jpg,https://images.imgbox.com/fe/40/RdBZRla7_o.jpg
P6290019 (looking Downstream).jpg,https://images.imgbox.com/11/78/THYCpBQ6_o.jpg
P6290021.jpg,https://images.imgbox.com/56/b0/XJlV0pFf_o.jpg
P6290022.jpg,https://images.imgbox.com/2a/90/oxIFUw9e_o.jpg
P6290023 (looking DownStream).jpg,https://images.imgbox.com/01/5c/XEQThGHO_o.jpg
P6290028 (Road For Drilling West Side).jpg,https://images.imgbox.com/69/68/5Da1vyK3_o.jpg
P6290029 (Road For Drilling West Side.jpg,https://images.imgbox.com/d6/8d/iyfgP82n_o.jpg
P6290030 (Road For Drilling West Side).jpg,https://images.imgbox.com/11/3f/MoYHZwgz_o.jpg
P8170001.jpg,https://images.imgbox.com/74/81/QnSTfdoF_o.jpg
P8170010.jpg,https://images.imgbox.com/35/5a/JgdSAG0o_o.jpg
P8170012.jpg,https://images.imgbox.com/ec/2e/3VmM9BQX_o.jpg
P8170014.jpg,https://images.imgbox.com/ab/95/sR8Axoui_o.jpg
P8170022.jpg,https://images.imgbox.com/02/78/RCmqdxFv_o.jpg
P8170024.jpg,https://images.imgbox.com/52/bc/in84CHbS_o.jpg
P8170026.jpg,https://images.imgbox.com/69/26/BM9sOMl0_o.jpg
P8170029.jpg,https://images.imgbox.com/f6/fe/KJjpxVwG_o.jpg
P8170032.jpg,https://images.imgbox.com/e0/87/4qD73zKc_o.jpg
P8170033.jpg,https://images.imgbox.com/6c/51/5vnwspX1_o.jpg
P8170038.jpg,https://images.imgbox.com/55/40/yTdCZlmI_o.jpg
PANO_20170426_144652.jpg,https://images.imgbox.com/8b/35/Noz1ZnA0_o.jpg
PANO_20170426_145011.jpg,https://images.imgbox.com/b1/dd/dGjFLibq_o.jpg
PANO_20170428_103237.jpg,https://images.imgbox.com/4e/1a/TbDI5fgc_o.jpg
PANO_20170428_103332.jpg,https://images.imgbox.com/d8/79/ne5AfzX8_o.jpg
PANO_20170428_104321.jpg,https://images.imgbox.com/fe/d6/ObF1JBIP_o.jpg
PANO_20170501_110319.jpg,https://images.imgbox.com/7d/fd/RhIOMYiV_o.jpg
PANO_20170501_110805.jpg,https://images.imgbox.com/57/07/JgzSQJPj_o.jpg
PANO_20170501_110828.jpg,https://images.imgbox.com/22/2a/HjzlXtvh_o.jpg
PANO_20170501_111007.jpg,https://images.imgbox.com/98/c1/p8QEWiKG_o.jpg
PANO_20170501_111736.jpg,https://images.imgbox.com/d6/cd/h3VLGZsX_o.jpg
PANO_20170501_122312.jpg,https://images.imgbox.com/58/1b/iVQOsysp_o.jpg
PANO_20170501_122829.jpg,https://images.imgbox.com/85/d8/GFd8fmXb_o.jpg
PANO_20170501_122927.jpg,https://images.imgbox.com/78/77/eMukxray_o.jpg
PANO_20170501_130400.jpg,https://images.imgbox.com/1f/6a/qyaYQr8v_o.jpg
PANO_20170503_110952.jpg,https://images.imgbox.com/c3/93/MmzsdKHU_o.jpg
PANO_20170503_114610.jpg,https://images.imgbox.com/77/a8/7VviOxdi_o.jpg
PANO_20170503_121749.jpg,https://images.imgbox.com/d8/01/s7ZJbvlo_o.jpg
PANO_20170511_135659.jpg,https://images.imgbox.com/b9/dd/lPfIm7yh_o.jpg
PANO_20170515_122901.jpg,https://images.imgbox.com/26/46/sIeMQdRM_o.jpg
PANO_20170530_112943.jpg,https://images.imgbox.com/1a/67/sAzCjrxx_o.jpg
PANO_20170530_113732.jpg,https://images.imgbox.com/d1/c7/GOUsb675_o.jpg
PANO_20170530_120116.jpg,https://images.imgbox.com/fa/c6/m7stT0or_o.jpg
PANO_20170530_120322.jpg,https://images.imgbox.com/61/b9/hl985duo_o.jpg
PANO_20170530_124206.jpg,https://images.imgbox.com/00/1a/dAn5pDfI_o.jpg
PANO_20170530_125010.jpg,https://images.imgbox.com/5a/d0/u5ufyoP7_o.jpg
PANO_20170601_111747.jpg,https://images.imgbox.com/16/ae/KmfhIAD0_o.jpg
PANO_20170601_112112.jpg,https://images.imgbox.com/2c/af/yH3T583W_o.jpg
PANO_20170612_104514.jpg,https://images.imgbox.com/d6/e0/gtA0YBrC_o.jpg
PANO_20170612_105607.jpg,https://images.imgbox.com/5d/4c/MgsoWqN8_o.jpg
PANO_20170718_103244.jpg,https://images.imgbox.com/f0/a8/DCthZhJ4_o.jpg
PANO_20170726_100543.jpg,https://images.imgbox.com/d1/34/18aBRw8h_o.jpg
PANO_20170815_111925.jpg,https://images.imgbox.com/e9/1e/StKc7cOY_o.jpg
PANO_20170815_115551.jpg,https://images.imgbox.com/fe/9d/jMSfRfBK_o.jpg
PANO_20170829_112500.jpg,https://images.imgbox.com/44/1f/N0pnEU06_o.jpg
PANO_20170829_112542.jpg,https://images.imgbox.com/eb/8d/8bOV1SSc_o.jpg
PANO_20170829_113033.jpg,https://images.imgbox.com/fd/49/qkC1MykU_o.jpg
PANO_20170829_113726.jpg,https://images.imgbox.com/e7/a9/eDUARF2n_o.jpg
PANO_20170829_114840.jpg,https://images.imgbox.com/9b/a8/ag2Hh0Tb_o.jpg
PANO_20170829_121826.jpg,https://images.imgbox.com/f8/19/BlPfJ9GU_o.jpg
